{
    "sessin": 0.7,
    "max_length": 7,
    "max_movements": 73,
    "q_table": {
        "nnnn0S00": [
            -0.08849280325901893,
            0,
            -0.6692248101830625,
            -0.974581075890284
        ],
        "nnnn00S0": [
            -0.6661955019088679,
            -0.9550657933227797,
            0,
            -0.8667628479681901
        ],
        "nnynS0G0": [
            0,
            -0.6125795110000001,
            0.829,
            -0.46855900000000006
        ],
        "nnnnS000": [
            0,
            -0.9972610725500466,
            -0.7507200478024361,
            -0.9459281145690028
        ],
        "nnnn000S": [
            -0.7688864723923453,
            -0.9867465145410765,
            -0.5263660260733762,
            0
        ],
        "nnnn0R0S": [
            -0.3061222027717809,
            -1.1539000000000001,
            -0.31638326180518006,
            0
        ],
        "nnnnSR00": [
            0,
            -0.19,
            -0.34390000000000004,
            -0.34390000000000004
        ],
        "nnnnS0R0": [
            0,
            -0.271,
            -0.3010834839189862,
            -0.5695327900000001
        ],
        "ynnnG0S0": [
            0.14281525217779995,
            -0.40951000000000004,
            0,
            -0.35893258028938
        ],
        "ynnnGS00": [
            -0.4415131000000001,
            0,
            -0.4119769214200001,
            -0.5858698332604421
        ],
        "nnnn00SW": [
            -0.5695327900000001,
            -0.5217031000000001,
            0,
            -17.0859837
        ],
        "nnnn0S0W": [
            -0.271,
            0,
            0.010226738194820034,
            -3.0
        ],
        "nnyn0SG0": [
            -0.5695327900000001,
            0,
            2.471467201626848,
            -0.6125795110000001
        ],
        "nnyn00S0": [
            -0.5217031000000001,
            -0.40951000000000004,
            0,
            -0.34390000000000004
        ],
        "ynnnG00S": [
            2.2993991490932717,
            -0.5217031000000001,
            -0.36058754207800003,
            0
        ],
        "nnyn0SS0": [
            -0.1,
            0,
            0,
            0
        ],
        "nnnnWS00": [
            -19.539646797000003,
            0,
            -0.7712320754503901,
            -0.7821191446610316
        ],
        "nnnnW0S0": [
            -10.317,
            -0.5695327900000001,
            0,
            -0.5982872186383027
        ],
        "nnynS0S0": [
            0,
            0,
            0,
            -0.1
        ],
        "nnyn00SW": [
            0,
            -0.1,
            0,
            -3.0
        ],
        "nnnnS00W": [
            0,
            -0.5217031000000001,
            -0.34390000000000004,
            -10.317
        ],
        "nnnyS00G": [
            0,
            -0.5217031000000001,
            -0.40951000000000004,
            1.68049
        ],
        "nnnnSW00": [
            0,
            -10.317,
            -0.46855900000000006,
            -0.40951000000000004
        ],
        "nnyn0RS0": [
            -0.1,
            -0.1,
            0,
            0
        ],
        "nnnnWR0S": [
            -3.0,
            -0.1,
            -0.19,
            0
        ],
        "nnnn0RS0": [
            -0.34390000000000004,
            -1.1539000000000001,
            0,
            -0.271
        ],
        "nnynSRG0": [
            0,
            -0.1,
            0,
            0
        ],
        "nnnnS00R": [
            0,
            -0.19713610000000004,
            0.062462979482549155,
            0
        ],
        "nnnnR0S0": [
            -1.9,
            -0.271,
            0,
            -0.271
        ],
        "nnnnRS00": [
            -1.9214385310000002,
            0,
            -0.1,
            -0.1
        ],
        "nnnn0SR0": [
            0.09536959330100005,
            0,
            -1.6324497087002068,
            -0.34390000000000004
        ],
        "nnnnR00S": [
            -0.91171,
            -0.271,
            -0.26371,
            0
        ],
        "nnynRSG0": [
            -0.1,
            0,
            0,
            0
        ],
        "nnnyRS0G": [
            -0.1,
            0,
            -0.1,
            0
        ],
        "nyny0G0S": [
            0,
            1.1128522575817834,
            -0.1,
            0
        ],
        "nnny000S": [
            -0.5217031000000001,
            -0.5217031000000001,
            -0.46855900000000006,
            0
        ],
        "nynn0GS0": [
            -0.5695327900000001,
            0.9252571343129823,
            0,
            -0.5695327900000001
        ],
        "nnnn0WS0": [
            -0.19,
            -5.7,
            0,
            -0.19
        ],
        "nnnnRWS0": [
            0,
            0,
            0,
            -0.19
        ],
        "ynnyGS0G": [
            0.80784971,
            0,
            -0.1,
            0
        ],
        "nnnyR00S": [
            -0.1,
            0,
            -0.1,
            0
        ],
        "nnny0S0G": [
            -0.40951000000000004,
            0,
            -0.6059994039100001,
            1.6713597828229427
        ],
        "nynnRG0S": [
            -1.0,
            0,
            0,
            0
        ],
        "nynn0S00": [
            -0.5217031000000001,
            0,
            -0.5217031000000001,
            -0.40951000000000004
        ],
        "nnnnR0WS": [
            -1.0,
            -0.1,
            0,
            0
        ],
        "nnnnW0W0": [
            -3.0,
            0,
            0,
            0
        ],
        "nynn0G0S": [
            -0.5217031000000001,
            2.47736232444886,
            -0.5217031000000001,
            0
        ],
        "nnnn00WS": [
            -0.7712320754503901,
            -0.7712320754503901,
            -14.056770000000002,
            0
        ],
        "nnnn0SW0": [
            -0.46855900000000006,
            0,
            -8.129999999999999,
            -0.5217031000000001
        ],
        "nynnSG00": [
            0,
            2.748101866907127,
            -0.6513215599000001,
            -0.6513215599000001
        ],
        "nnnn0S0R": [
            -0.40951000000000004,
            0,
            -0.12235413142000003,
            -1.0
        ],
        "ynnnS000": [
            0,
            -0.1,
            -0.19,
            -0.34390000000000004
        ],
        "nnny00SG": [
            -0.6049318233131928,
            -0.5695327900000001,
            0,
            1.4441506349328999
        ],
        "nnnnW00S": [
            -10.317,
            -0.46855900000000006,
            -0.46855900000000006,
            0
        ],
        "nnnnS0W0": [
            0,
            -0.5695327900000001,
            -8.129999999999999,
            -0.5695327900000001
        ],
        "nnny0R0S": [
            -0.1,
            0,
            -0.1,
            0
        ],
        "nnnyS0WG": [
            0,
            -0.19,
            -3.0,
            -0.1
        ],
        "nnnnSWW0": [
            0,
            -5.7,
            0,
            0
        ],
        "nyyn0GGS": [
            -0.1,
            0,
            0.9881,
            0
        ],
        "nynn0SR0": [
            -0.19,
            0,
            0,
            -0.1
        ],
        "nynnWS00": [
            -5.7,
            0,
            -0.271,
            -0.19
        ],
        "nynn0GRS": [
            -0.19,
            -0.1,
            -0.07080210950642794,
            0
        ],
        "nyynSGG0": [
            0,
            0.9564603931,
            -0.1,
            -0.1
        ],
        "nyyn0SG0": [
            -0.1,
            0,
            0.08810000000000001,
            0
        ],