{
    "session": 100,
    "max_length": 5,
    "max_movements": 58,
    "q_table": {
        "nnnn000S": [
            -0.86062927756926,
            -0.9723829514686818,
            -0.6496152180634337,
            0
        ],
        "nnnn0SR0": [
            -0.17482602888826393,
            0,
            -1.0729000000000002,
            -0.271
        ],
        "nnnn00RS": [
            -0.21076179147910007,
            -0.1,
            -0.1,
            0
        ],
        "nnnnS000": [
            0,
            -0.9869055674024013,
            -0.7252743558279903,
            -0.7482154414372492
        ],
        "nnnn00S0": [
            -0.8534908192715733,
            -0.9884452109414551,
            0,
            -0.25575640717108056
        ],
        "nnynS0G0": [
            0,
            -0.5428802634301001,
            -0.087933752010671,
            -0.6125795110000001
        ],
        "nnyn00GS": [
            -0.6125795110000001,
            -0.619796611,
            2.6587976972709972,
            0
        ],
        "nnnnR00S": [
            -1.6561000000000001,
            -0.46855900000000006,
            -0.34390000000000004,
            0
        ],
        "ynnnG00S": [
            2.1061775679858847,
            -0.6513215599000001,
            -0.5217031000000001,
            0
        ],
        "nynn0G0S": [
            -0.6125795110000001,
            1.4037298941659662,
            -0.38910770906262393,
            0
        ],
        "nnnnSW00": [
            0,
            -14.056770000000002,
            -0.5217031000000001,
            -0.40951000000000004
        ],
        "nnnn0WWS": [
            0,
            -8.129999999999999,
            -3.0,
            0
        ],
        "ynynGSG0": [
            -0.09973875012174428,
            0,
            -0.1,
            -0.1
        ],
        "nnnn0S00": [
            -0.8615822462016237,
            0,
            -0.5669903478176839,
            -0.8891376813951923
        ],
        "nnny0S0G": [
            -0.46855900000000006,
            0,
            -0.5217031000000001,
            -0.40951000000000004
        ],
        "nyny0G0S": [
            -0.19,
            -0.0010000000000000009,
            -0.1,
            0
        ],
        "nnny000S": [
            -0.271,
            -0.5695327900000001,
            -0.34390000000000004,
            0
        ],
        "nnnn0R0S": [
            -0.34390000000000004,
            -0.19,
            -0.16987012913300598,
            0
        ],
        "nnnn00WS": [
            -0.635507981114816,
            -0.717570463519,
            -15.651093000000001,
            0
        ],
        "nnnyS0WG": [
            0,
            0,
            0,
            -0.1
        ],
        "nnny00SG": [
            -0.45642468790000007,
            -0.5695327900000001,
            0,
            -0.40951000000000004
        ],
        "nynn0GS0": [
            -0.5695327900000001,
            2.177342201808761,
            0,
            -0.46855900000000006
        ],
        "nynn0S00": [
            -0.5695327900000001,
            0,
            -0.40951000000000004,
            -0.3094010819929204
        ],
        "nnnn00SW": [
            -0.6513215599000001,
            -0.6125795110000001,
            0,
            -17.0859837
        ],
        "nnnnS00W": [
            0,
            -0.19,
            -0.2767007514514829,
            -10.317
        ],
        "nynnSG00": [
            0,
            3.219748916347394,
            -0.454722106388547,
            -0.5217031000000001
        ],
        "nnnn0S0W": [
            -0.271,
            0,
            -0.2760446514514828,
            -8.129999999999999
        ],
        "nnnnWS00": [
            -15.651093000000001,
            0,
            -0.6125795110000001,
            -0.271
        ],
        "ynnnG0S0": [
            3.2598888488546884,
            -0.5217031000000001,
            0,
            -0.5695327900000001
        ],
        "ynnnGS00": [
            5.9529875522621785,
            0,
            -0.6513215599000001,
            -0.48726334995830545
        ],
        "nnnnWS0W": [
            0,
            0,
            0,
            -3.0
        ],
        "nnyn0SG0": [
            -0.26276708319614206,
            0,
            1.9714542536538997,
            -0.5476256110000002
        ],
        "nnyn0RGS": [
            0,
            -1.09,
            0,
            0
        ],
        "nnnnSR00": [
            0,
            -2.2803215599000004,
            -0.271,
            -0.34390000000000004
        ],
        "nnnn0RS0": [
            -0.271,
            -1.1246590000000005,
            0,
            -0.19
        ],
        "ynnnS0R0": [
            0,
            -0.1,
            -0.1,
            -0.1
        ],
        "ynnnS000": [
            0,
            -0.5217031000000001,
            -0.40951000000000004,
            -0.6205985110000001
        ],
        "ynnnSW00": [
            0,
            -5.7,
            -0.34390000000000004,
            -0.19
        ],
        "nnnn0W0S": [
            -0.271,
            -3.0,
            -0.271,
            0
        ],
        "nnnnRW0S": [
            -0.1,
            0,
            0,
            0
        ],
        "nnnnRS00": [
            -0.34390000000000004,
            0,
            -0.3942541926675107,
            -0.3428334528047753
        ],
        "ynnnGS0R": [
            -0.010999000000000004,
            0,
            -0.271,
            -0.1
        ],
        "nnnnS0W0": [
            0,
            -0.6513215599000001,
            -10.317,
            -0.39702263302093277
        ],
        "nnnnR0S0": [
            -2.11951,
            -0.46855900000000006,
            0,
            -0.46749245280477525
        ],
        "nnnyS00G": [
            0,
            -0.5318998715890001,
            -0.5695327900000001,
            -0.0017825599000000358
        ],
        "nnny00WS": [
            -0.46855900000000006,
            -0.46855900000000006,
            -5.7,
            0
        ],
        "nnnnW00S": [
            -3.0,
            -0.19,
            -0.5695327900000001,
            0
        ],
        "nnnnWR0S": [
            0,
            -0.1,
            0,
            0
        ],
        "nnnySR0G": [
            0,
            0,
            -0.271,
            0
        ],
        "nnnnWSW0": [
            -3.0,
            0,
            -3.0,
            -0.34390000000000004
        ],
        "nnnnW0S0": [
            -3.0,
            -0.46855900000000006,
            0,
            -0.40951000000000004
        ],
        "nnny0RSG": [
            0,
            -0.19,
            0,
            0
        ],
        "nnnn0S0R": [
            -0.20572158790000003,
            0,
            -0.06270632458813626,
            -0.94154149
        ],
        "nnnnS0R0": [
            0,
            -0.271,
            -1.981,
            -0.12469116083977515
        ],
        "ynnnGW0S": [
            1.0,
            0,
            0,
            0
        ],
        "nnnn0SWR": [
            -0.19,
            0,
            -5.7,
            -0.1
        ],
        "nnnn0SW0": [
            -0.5217031000000001,
            0,
            -14.056770000000002,
            -0.08948348074227364
        ],
        "nnnnW0WS": [
            0,
            -0.34390000000000004,
            -3.0,
            0
        ],
        "nnnnS0S0": [
            -3.0,
            -0.271,
            -3.0,
            -0.19
        ],
        "nnnnS0WS": [
            0,
            0,
            -5.7,
            -3.0
        ],
        "ynnnG0RS": [
            0,
            -0.1,
            0,
            0
        ],
        "nynySG0G": [
            0,
            -0.0026940930870757718,
            -0.40951000000000004,
            -0.1
        ],